id,updated,msgs,source,title
42713bc0-e9c0-4547-ae86-781ce533d99e,2026-09-17 11:31,502,local,Routing and Handling Snowflake Billing Inquiries
d3c0821d-c36f-4222-946f-b6fac6395789,2026-09-17 11:11,62,local,Querying Today's Snowflake Credit Usage by Service Type
3446501b-5161-48c0-a292-64cc45002c2b,2026-09-17 00:19,0,local,Chat for session: 3446501b-5161-48c0-a292-64cc45002c2b
33359544,2026-09-16 23:59,?,remote,Audit all architecture and planning files
e89371ce-eeb0-4108-93dc-99cabfad1fdd,2026-09-16 23:04,0,local,Chat for session: e89371ce-eeb0-4108-93dc-99cabfad1fdd
33359528,2026-09-16 23:04,?,remote,Map every data artifact in the patient journey
33359536,2026-09-16 23:02,?,remote,Find published Indian breast cancer patient journeys
33359532,2026-09-16 23:00,?,remote,Find HER2+ breast cancer treatment timeline clinical details
33359524,2026-09-16 22:34,?,remote,@(serverSkill:automation) Create an automation that shows me...
33359516,2026-09-16 22:32,?,remote,Research PM-JAY oncology pre-auth failures
33359520,2026-09-16 22:32,?,remote,Research Indian lab reporting parsing traps
33359500,2026-09-16 22:31,?,remote,Research clinician documentation reality India
33359492,2026-09-16 22:30,?,remote,Research IRDAI claims NHCX insurance
33359448,2026-09-16 22:30,?,remote,Research NMC telemedicine AI rules
33359496,2026-09-16 22:30,?,remote,Research Indian patient lived experience cancer
33359504,2026-09-16 22:30,?,remote,Research Indian medical records law
33359512,2026-09-16 22:30,?,remote,Research ABDM ABHA identity architecture
33359508,2026-09-16 22:29,?,remote,Research Indian lab reporting parsing traps
33359472,2026-09-16 22:26,?,remote,Research IRDAI claims and NHCX
33359460,2026-09-16 22:26,?,remote,Research PM-JAY oncology documentation
33359484,2026-09-16 22:26,?,remote,Research CDSCO SaMD rules
33359480,2026-09-16 22:25,?,remote,Research Indian patient lived experience
33359464,2026-09-16 22:25,?,remote,Research ABDM ABHA architecture
33359488,2026-09-16 22:25,?,remote,Research Indian medical records law
33359476,2026-09-16 22:25,?,remote,Research Indian lab reporting standards
33359452,2026-09-16 22:25,?,remote,Research clinician documentation reality
33359456,2026-09-16 22:24,?,remote,Research clinical AI harm and citations
33359468,2026-09-16 22:24,?,remote,Research chemo readiness thresholds
64c9cc71-52fb-4ff7-9432-99ce5e04eaf4,2026-09-16 22:19,0,local,Chat for session: 64c9cc71-52fb-4ff7-9432-99ce5e04eaf4
33359424,2026-09-16 22:19,?,remote,Research Indian clinician documentation pain
33359416,2026-09-16 22:19,?,remote,Research Indian lab reporting standards
33359408,2026-09-16 22:19,?,remote,Research Indian patient lived experience
33359444,2026-09-16 22:19,?,remote,Research CDSCO medical device software rules
33359440,2026-09-16 22:19,?,remote,Research NMC telemedicine AI rules
33359412,2026-09-16 22:19,?,remote,Research Indian medical records law
33359404,2026-09-16 22:19,?,remote,Research ABDM ABHA architecture and consent
33359420,2026-09-16 22:19,?,remote,Research chemo readiness clinical thresholds
33359432,2026-09-16 22:19,?,remote,Research clinical AI harm and citation rationale
33359428,2026-09-16 22:19,?,remote,Research IRDAI claims and NHCX rules
33359436,2026-09-16 22:19,?,remote,Research PM-JAY oncology documentation
33359400,2026-09-16 09:43,?,remote,Broader search for PS-04 competitors
33359396,2026-09-16 09:28,?,remote,Deep dive on bodhix - PS04 competitor
33359388,2026-09-16 09:27,?,remote,Search GitHub for hackathon submissions
33359384,2026-09-16 09:26,?,remote,Search social media and forums for hackathon teams
33359380,2026-09-16 09:25,?,remote,Research typical Patient 360 hackathon solutions
33359392,2026-09-16 09:25,?,remote,Research Snowflake healthcare quickstarts and winning patterns
419413c9-01ba-4a88-b377-3ade50822584,2026-09-16 09:24,0,local,Chat for session: 419413c9-01ba-4a88-b377-3ade50822584
33359372,2026-09-16 09:17,?,remote,Explore patient-360 codebase structure
33359376,2026-09-16 09:17,?,remote,Fetch hackathon page for full details
01aece97-9d49-473e-b8e6-ac952cdb9a3e,2026-09-16 09:06,0,local,Chat for session: 01aece97-9d49-473e-b8e6-ac952cdb9a3e
513ea31d-3a16-45ce-902a-6189da612e68,2026-09-16 09:05,0,local,Chat for session: 513ea31d-3a16-45ce-902a-6189da612e68
33359364,2026-09-10 18:28,?,remote,What can this agent do?
