id,applies_to,requirement_in_plain_english,exact_quote,source,page,saarthi_status_claimed,REVIEWER: required before a cycle in your practice? (yes/no),REVIEWER: is the claimed SAARTHI status right? (yes/no),REVIEWER: comment
R-AC-01,AC,"A full blood count, including the breakdown of white cells, must be done before every cycle.",Before each treatment: CBC & Diff,BC Cancer Protocol Summary BRAJAC: Adjuvant therapy for breast cancer using doxorubicin and cyclophosphamide,1,covered,,,
R-AC-02,AC,"Give the full dose if neutrophils (infection-fighting white cells) are at least 1,500 per microlitre AND platelets (clotting cells) are at least 90,000. Between 70,000 and 89,000 platelets, give 75%.",Greater than or equal to 1.5 Greater than or equal to 90 100%,BC Cancer Protocol Summary BRAJAC: Adjuvant therapy for breast cancer using doxorubicin and cyclophosphamide,2,covered,,,
R-AC-03,AC,"Doxorubicin is cleared by the liver. If bilirubin (a liver blood test) is 20-50 micromol/L (about 1.2-2.9 mg/dL), halve the dose; above 85, do not give it. Full dose only below 20 micromol/L.",>3 x ULN or 20-50 50% … - >85 do not administer,BC Cancer Drug Manual: Doxorubicin monograph,9,covered,,,
R-AC-04,AC,"Doxorubicin damages the heart in proportion to the total amount ever received. Add up every dose the patient has had (from any hospital); past 400 mg per square metre of body surface, the heart must be checked first.",Cardiac assessment recommended if lifelong dose of 400 mg/m2 to be exceeded,BC Cancer Protocol Summary BRAJAC: Adjuvant therapy for breast cancer using doxorubicin and cyclophosphamide,2,covered,,,
R-AC-05,AC,"If the kidneys are working poorly, the cyclophosphamide dose may need to be lowered.",Renal dysfunction: Dose modification may be required for cyclophosphamide,BC Cancer Protocol Summary BRAJAC: Adjuvant therapy for breast cancer using doxorubicin and cyclophosphamide,2,missing,,,
R-TH-01,TH,A full blood count must be done before every weekly treatment.,Before each treatment: CBC & Diff,BC Cancer Protocol Summary BRAJTTW: Adjuvant therapy for breast cancer using weekly paclitaxel and trastuzumab,1,covered,,,
R-TH-02,TH,"Weekly paclitaxel is given at full dose if neutrophils are at least 1,000 and platelets at least 90,000. Below that, call the doctor and delay.",Greater than or equal to 90 80 mg/m2 65 mg/m2 … ANC (x109/L) Greater than or equal to 1.0,BC Cancer Protocol Summary BRAJTTW: Adjuvant therapy for breast cancer using weekly paclitaxel and trastuzumab,5,covered,,,
R-TH-03,TH,"Full-dose paclitaxel needs bilirubin no higher than 1.25 times the lab's upper normal limit. Between 1.26 and 2 times, the dose drops from 80 to 60.",Less than 10 x ULN and Less than or equal to 1.25 x ULN 80,BC Cancer Protocol Summary BRAJTTW: Adjuvant therapy for breast cancer using weekly paclitaxel and trastuzumab,5,covered,,,
R-TH-04,TH,"The heart's pumping strength (LVEF, measured by echo scan) must be at least 50% to be eligible for this regimen.",LVEF greater than or equal to 50%,BC Cancer Protocol Summary BRAJTTW: Adjuvant therapy for breast cancer using weekly paclitaxel and trastuzumab,1,covered,,,
R-TH-05,TH,"Doses are calculated from body weight, so weight is re-measured at every doctor visit and the dose changed if it has moved.",Weight will be measured at each scheduled physician's visit.,BC Cancer Protocol Summary BRAJTTW: Adjuvant therapy for breast cancer using weekly paclitaxel and trastuzumab,4,partial,,,
R-TH-06,TH,"If more than 6 weeks have passed since the last trastuzumab dose, a larger 'loading' dose is needed again. Checkable from dates alone.",If an interruption in treatment of greater than 6 weeks occurs,BC Cancer Protocol Summary BRAJTTW: Adjuvant therapy for breast cancer using weekly paclitaxel and trastuzumab,4,covered,,,
R-TH-07,TH,"Trastuzumab only works on HER2-positive cancer: the pathology report must say IHC 3+, or a FISH test must confirm it.","HER-2 overexpression defined as either IHC3+, or FISH amplification ratio greater than or equal to 2",BC Cancer Protocol Summary BRAJTTW: Adjuvant therapy for breast cancer using weekly paclitaxel and trastuzumab,1,covered,,,
R-TH-08,TH,ECOG is the doctor's 0-5 score of how well the patient manages daily life; 0-2 is well enough for this treatment.,ECOG status 0 to 2,BC Cancer Protocol Summary BRAJTTW: Adjuvant therapy for breast cancer using weekly paclitaxel and trastuzumab,1,out_of_scope,,,
R-ACTT-01,AC-TH,A full blood count before every 3-weekly paclitaxel + trastuzumab cycle.,Before each treatment: CBC & Diff,BC Cancer Protocol Summary BRAJACTT: Doxorubicin and cyclophosphamide followed by paclitaxel and trastuzumab (3-weekly),1,covered,,,
R-ACTT-02,AC-TH,"Full-dose paclitaxel 175 mg/m2 needs neutrophils at least 1,500 and platelets at least 90,000 (1.0-1.5 or 70,000-89,000: reduced dose).",Greater than or equal to 1.5 and Greater than or equal to 90 175 mg/m2,BC Cancer Protocol Summary BRAJACTT: Doxorubicin and cyclophosphamide followed by paclitaxel and trastuzumab (3-weekly),3,covered,,,
R-HM-01,H-MAINT,"While on trastuzumab, the heart must be checked by echo at least every 4 months.",The maximum time between cardiac monitoring should be 4 months,BC Cancer Protocol Summary BRAJTR: Adjuvant trastuzumab following completion of chemotherapy,2,conflict,,,
R-HM-02,H-MAINT,"Trastuzumab alone does not lower blood counts, so a blood count before each dose is optional.",CBC & Diff (optional and only if indicated),BC Cancer Protocol Summary BRAJTR: Adjuvant trastuzumab following completion of chemotherapy,2,covered,,,
R-HM-03,H-MAINT,"After doxorubicin-based chemotherapy and before trastuzumab starts, a new echo must show the heart at 50% or better.",LVEF greater than or equal to 50%* after the AC portion of chemotherapy,BC Cancer Protocol Summary BRAJTR: Adjuvant trastuzumab following completion of chemotherapy,1,covered,,,
R-HM-04,H-MAINT,"Weight is measured at the start and at every doctor visit, because the dose depends on it.",Weight: at baseline and every scheduled physician's visit.,BC Cancer Protocol Summary BRAJTR: Adjuvant trastuzumab following completion of chemotherapy,2,partial,,,
R-HM-05,H-MAINT,More than 6 weeks since the last dose means a loading dose is needed again.,If an interruption in treatment of greater than 6 weeks occurs,BC Cancer Protocol Summary BRAJTR: Adjuvant trastuzumab following completion of chemotherapy,3,covered,,,
R-FF-01,FOLFOX,"Before every cycle: blood count, creatinine (kidney), bilirubin and ALT (liver).","Prior to each cycle: CBC & Diff, creatinine, total bilirubin, ALT","BC Cancer Protocol Summary GIAJFFOX: Adjuvant oxaliplatin, fluorouracil and leucovorin (FOLFOX) for colon cancer",1,covered,,,
R-FF-02,FOLFOX,"Hold FOLFOX only if neutrophils are below 1,200. (The missing space in 'Day 1of' is in the original document.)","If ANC less than 1.2 on Day 1of cycle, hold treatment.","BC Cancer Protocol Summary GIAJFFOX: Adjuvant oxaliplatin, fluorouracil and leucovorin (FOLFOX) for colon cancer",4,covered,,,
R-FF-03,FOLFOX,"Hold FOLFOX only if platelets are below 75,000.","If platelets less than 75 on Day 1 of cycle, hold treatment.","BC Cancer Protocol Summary GIAJFFOX: Adjuvant oxaliplatin, fluorouracil and leucovorin (FOLFOX) for colon cancer",4,covered,,,
R-FF-04,FOLFOX,"A one-time genetic blood test (DPYD) shows whether the body can break down fluorouracil. Without the enzyme, a normal dose can be fatal.","DPYD test (not required if previously tested, or tolerated fluorouracil or capecitabine)","BC Cancer Protocol Summary GIAJFFOX: Adjuvant oxaliplatin, fluorouracil and leucovorin (FOLFOX) for colon cancer",1,covered,,,
R-FF-05,FOLFOX,"If the patient takes the blood thinner warfarin, a clotting test (INR) is needed before each cycle, because fluorouracil makes warfarin stronger.","For patients on warfarin, weekly INR during fluorouracil therapy until stable warfarin dose established, then INR prior to each cycle","BC Cancer Protocol Summary GIAJFFOX: Adjuvant oxaliplatin, fluorouracil and leucovorin (FOLFOX) for colon cancer",1,covered,,,
R-CX-01,CAPOX,"Before every cycle: blood count, kidney and liver tests.","Prior to each cycle: CBC & Diff, creatinine, total bilirubin, ALT",BC Cancer Protocol Summary GIGAVCOX: Capecitabine and oxaliplatin (CAPOX) for advanced gastric cancer,1,covered,,,
R-CX-02,CAPOX,"Hold CAPOX only if neutrophils are below 1,200.","If ANC less than 1.2 on Day 1 of cycle, hold treatment.",BC Cancer Protocol Summary GIGAVCOX: Capecitabine and oxaliplatin (CAPOX) for advanced gastric cancer,4,covered,,,
R-CX-03,CAPOX,"Hold CAPOX only if platelets are below 75,000.","If platelets less than 75 on Day 1 of cycle, hold treatment.",BC Cancer Protocol Summary GIGAVCOX: Capecitabine and oxaliplatin (CAPOX) for advanced gastric cancer,4,covered,,,
R-CX-04,CAPOX,Stop capecitabine if kidney function (creatinine clearance) is below 30 mL/min.,Less than 30 Discontinue therapy,BC Cancer Protocol Summary GIGAVCOX: Capecitabine and oxaliplatin (CAPOX) for advanced gastric cancer,6,covered,,,
R-CX-05,CAPOX,One-time DPYD genetic test before capecitabine; same danger as with fluorouracil.,"DPYD test (not required if previously tested, or tolerated fluorouracil or capecitabine)",BC Cancer Protocol Summary GIGAVCOX: Capecitabine and oxaliplatin (CAPOX) for advanced gastric cancer,1,covered,,,
R-HN-01,CIS-RT-HN,"Before every cycle: blood count, creatinine, and the body salts (sodium, potassium, calcium, magnesium) that cisplatin drains through the kidneys.","Before each cycle: CBC & Diff, creatinine, sodium, potassium, calcium, albumin, magnesium.",BC Cancer Protocol Summary HNLAPRT: Cisplatin with radiation for locally advanced head and neck cancer,1,covered,,,
R-HN-02,CIS-RT-HN,"Full-dose cisplatin needs neutrophils at least 1,500 and platelets at least 100,000. (1,000-1,500 or 75,000-100,000: give 75%.)",greater than or equal to 1.5 and greater than or equal to 100 100%,BC Cancer Protocol Summary HNLAPRT: Cisplatin with radiation for locally advanced head and neck cancer,3,covered,,,
R-HN-03,CIS-RT-HN,"Cisplatin can damage the kidneys. Full dose at creatinine clearance 60 or more, 80% dose at 45-59, and hold below 45.",Less than 45 Hold CISplatin or delay with additional fluids,BC Cancer Protocol Summary HNLAPRT: Cisplatin with radiation for locally advanced head and neck cancer,3,covered,,,
R-HN-04,CIS-RT-HN,"Chemotherapy can wake up a hidden hepatitis B infection and cause liver failure, so patients are blood-tested for hepatitis B before starting.",All head and neck cancer patients undergoing chemoradiation should be screened for hepatitis B reactivation risk.,BC Cancer Protocol Summary HNLAPRT: Cisplatin with radiation for locally advanced head and neck cancer,4,covered,,,
R-HN-05,CIS-RT-HN,"Patient must be well enough day to day (doctor's 0-5 score of 0, 1 or 2).","ECOG performance status 0, 1, 2",BC Cancer Protocol Summary HNLAPRT: Cisplatin with radiation for locally advanced head and neck cancer,1,out_of_scope,,,
R-GO-01,CIS-RT-CX,Before every weekly dose: blood count and creatinine.,"Before each treatment: CBC & Diff, creatinine",BC Cancer Protocol Summary GOCXCRT: Weekly cisplatin with radiation for cervical cancer,1,covered,,,
R-GO-02,CIS-RT-CX,"Weekly cervix cisplatin proceeds with neutrophils of at least 800 and platelets of at least 80,000.",ANC greater than or equal to 0.8 Proceed with CISplatin … Platelets greater than or equal to 80 Proceed with treatment,BC Cancer Protocol Summary GOCXCRT: Weekly cisplatin with radiation for cervical cancer,2,covered,,,
R-GO-03,CIS-RT-CX,Delay cisplatin if creatinine clearance is below 50 mL/min.,"Less than 50 mL/minute Delay chemotherapy, recheck in 1 week",BC Cancer Protocol Summary GOCXCRT: Weekly cisplatin with radiation for cervical cancer,2,covered,,,
R-LU-01,PEM-CARBO,"Before every cycle: blood count, kidney test and a full set of liver tests.","Before each treatment: CBC & Diff, creatinine, alkaline phosphatase, ALT, total bilirubin, LDH",BC Cancer Protocol Summary LUAVPP: Platinum and pemetrexed for advanced non-small cell lung cancer,1,covered,,,
R-LU-02,PEM-CARBO,"Full dose needs neutrophils at least 1,500 and platelets at least 100,000; otherwise delay.",greater than or equal to 1.5 and greater than or equal to 100 100%,BC Cancer Protocol Summary LUAVPP: Platinum and pemetrexed for advanced non-small cell lung cancer,2,covered,,,
R-LU-03,PEM-CARBO,"Hold pemetrexed if creatinine clearance is below 45 mL/min, whichever platinum drug is paired with it.",Less than 45 Hold,BC Cancer Protocol Summary LUAVPP: Platinum and pemetrexed for advanced non-small cell lung cancer,2,covered,,,
R-LU-04,PEM-CARBO,Pemetrexed is only safe if the patient has been taking folic acid for a week and has had a vitamin B12 injection (repeated every 9 weeks).,Vitamin supplementation mandatory starting at least 7 days prior to the first cycle,BC Cancer Protocol Summary LUAVPP: Platinum and pemetrexed for advanced non-small cell lung cancer,1,covered,,,
L-H-01,TH H-MAINT,Check the heart's pumping strength by echo before trastuzumab starts and regularly during it.,Assess left ventricular ejection fraction (LVEF) prior to initiation of Herceptin and at regular intervals during treatment.,"US FDA prescribing information: Herceptin (trastuzumab), 2024",3,covered,,,
L-H-02,TH H-MAINT,Repeat the echo every 3 months while on trastuzumab.,LVEF measurements every 3 months during and upon completion of Herceptin,"US FDA prescribing information: Herceptin (trastuzumab), 2024",6,covered,,,
L-H-03,TH H-MAINT,Stop trastuzumab if the heart's pumping strength falls 16 points or more from where it started.,Withhold Herceptin for ≥ 16% absolute decrease in LVEF from pre-treatment values,"US FDA prescribing information: Herceptin (trastuzumab), 2024",6,covered,,,
L-H-04,TH H-MAINT,"Trastuzumab harms an unborn baby (a boxed warning), so a pregnancy test is required before a woman who could be pregnant starts it. This is the same document SAARTHI already uses for its heart rules.",Verify the pregnancy status of females of reproductive potential prior to the initiation of Herceptin,"US FDA prescribing information: Herceptin (trastuzumab), 2024",3,covered,,,
A-01,ALL,"There must be a written, signed chemotherapy order for this cycle.",Confirm the chemotherapy admission form/prescription form.,Miglani G et al. Chemotherapy administration checklist for patients receiving chemotherapy: development and validation. J Educ Health Promot 2022 (AIIMS Jodhpur). PMC9942124,,covered,,,
A-02,ALL,Known drug allergies and previous infusion reactions must be on record before the drip starts.,Review the patient's history of any known allergy/fluid restriction/nutritional deficit.,Miglani G et al. Chemotherapy administration checklist for patients receiving chemotherapy: development and validation. J Educ Health Promot 2022 (AIIMS Jodhpur). PMC9942124,,covered,,,
A-03,ALL,"Blood tests must be on file: haemoglobin, white cells, platelets, liver tests and kidney tests.","Ensure patient's baseline laboratory reports like Hb, WBC, platelet count, LFT, RFT, etc.",Miglani G et al. Chemotherapy administration checklist for patients receiving chemotherapy: development and validation. J Educ Health Promot 2022 (AIIMS Jodhpur). PMC9942124,,partial,,,
A-04,ALL,A signed consent form for chemotherapy must be on file.,Obtain written informed consent from patient/family member.,Miglani G et al. Chemotherapy administration checklist for patients receiving chemotherapy: development and validation. J Educ Health Promot 2022 (AIIMS Jodhpur). PMC9942124,,covered,,,
A-05,ALL,Make sure this is the right patient.,Reconfirm the patient's identity and reassure the patient about the procedure.,Miglani G et al. Chemotherapy administration checklist for patients receiving chemotherapy: development and validation. J Educ Health Promot 2022 (AIIMS Jodhpur). PMC9942124,,covered,,,
A-06,ALL,"When the patient leaves, the discharge paper must say the next cycle date and which blood tests to get before it.",Ensure the enclosure of discharge summary plan including date of next chemotherapy cycle and laboratory tests required.,Miglani G et al. Chemotherapy administration checklist for patients receiving chemotherapy: development and validation. J Educ Health Promot 2022 (AIIMS Jodhpur). PMC9942124,,covered,,,
G-NCG-01,AC TH H-MAINT,India's National Cancer Grid: no cancer treatment starts until a pathology report (tissue or cell sample) confirms the cancer.,Histo/cyto pathology confirmation is a MUST before initiating cancer directed treatment (surgery/ chemotherapy/ other systemic treatment).,National Cancer Grid: Breast Cancer Management Guidelines 2019,5,covered,,,
P-01,ALL,"Under PM-JAY, every medical-oncology package (72 packages, 264 procedures) needs pre-authorisation before treatment.",Total number of packages: 72 Total number of procedures: 264 Pre-authorization: Mandatory for all packages,National Health Authority: Health Benefit Package 2.2 User Guidelines (PM-JAY),27,covered,,,
P-02,ALL,Each step of cancer treatment (each cycle or phase) needs its own pre-authorisation.,There should be pre-authorization at each step for cancer care,National Health Authority: Health Benefit Package 2.2 User Guidelines (PM-JAY),27,covered,,,
P-03,ALL,"The treatment decision should come from a tumour board (surgeon, radiation oncologist and medical oncologist together), and be on record.",would need to be taken by a multidisciplinary tumor board,National Health Authority: Health Benefit Package 2.2 User Guidelines (PM-JAY),27,covered,,,
P-04,ALL,Each PM-JAY package has a fixed list of documents that must be uploaded before pre-authorisation can even be submitted.,Every procedure requires a set of mandatory documents to be uploaded at the time of submission of a pre-auth request.,National Health Authority: Health Benefit Package 2.2 User Guidelines (PM-JAY),42,missing,,,
NEW-1,,REVIEWER: anything you check before a cycle that is not listed above,,,,,,,
